averageMultiplayer,bottomBarrierPips,endingHour,openingInterval,slPips,startingHour,tpMultiplier,moveSlPips,resultPips,date
1.5,0.004,19,1,0.002,14,1.6,0.0015,0.0343700000000019,33
1.5,0.004,19,1,0.002,14,1.6,0.001,0.0343700000000019,33
1.5,0.004,19,1,0.002,14,1.6,0.0005,0.0343700000000019,33
1.5,0.004,19,1,0.002,14,1.6,0.0,0.0343700000000019,33
1.5,0.005,19,1,0.002,14,1.6,0.0015,0.0323700000000019,33
1.5,0.006,19,1,0.002,14,1.6,0.0015,0.0323700000000019,33
1.5,0.005,19,1,0.002,14,1.6,0.001,0.0323700000000019,33
1.5,0.006,19,1,0.002,14,1.6,0.001,0.0323700000000019,33
1.5,0.005,19,1,0.002,14,1.6,0.0005,0.0323700000000019,33
1.5,0.006,19,1,0.002,14,1.6,0.0005,0.0323700000000019,33
1.5,0.005,19,1,0.002,14,1.6,0.0,0.0323700000000019,33
1.5,0.006,19,1,0.002,14,1.6,0.0,0.0323700000000019,33
1.5,0.004,20,1,0.002,14,1.6,0.0015,0.03219000000000183,33
1.5,0.004,20,1,0.002,14,1.6,0.001,0.03219000000000183,33
1.5,0.004,20,1,0.002,14,1.6,0.0005,0.03219000000000183,33
1.5,0.004,20,1,0.002,14,1.6,0.0,0.03219000000000183,33
1.5,0.005,20,1,0.002,14,1.6,0.0015,0.030190000000001826,33
1.5,0.006,20,1,0.002,14,1.6,0.0015,0.030190000000001826,33
1.5,0.005,20,1,0.002,14,1.6,0.001,0.030190000000001826,33
1.5,0.006,20,1,0.002,14,1.6,0.001,0.030190000000001826,33
1.5,0.005,20,1,0.002,14,1.6,0.0005,0.030190000000001826,33
1.5,0.006,20,1,0.002,14,1.6,0.0005,0.030190000000001826,33
1.5,0.005,20,1,0.002,14,1.6,0.0,0.030190000000001826,33
1.5,0.006,20,1,0.002,14,1.6,0.0,0.030190000000001826,33
1.5,0.004,19,1,0.002,14,1.5,0.0015,0.0297699999999973,33
1.5,0.004,19,1,0.002,14,1.5,0.001,0.0297699999999973,33
1.5,0.004,19,1,0.002,14,1.5,0.0005,0.0297699999999973,33
1.5,0.004,19,1,0.002,14,1.5,0.0,0.0297699999999973,33
1.5,0.004,18,1,0.002,14,1.6,0.0015,0.0293000000000022,33
1.5,0.004,18,1,0.002,14,1.6,0.001,0.0293000000000022,33
1.5,0.004,18,1,0.002,14,1.6,0.0005,0.0293000000000022,33
1.5,0.004,18,1,0.002,14,1.6,0.0,0.0293000000000022,33
1.5,0.005,19,1,0.002,14,1.5,0.0015,0.027769999999997297,33
1.5,0.006,19,1,0.002,14,1.5,0.0015,0.027769999999997297,33
1.5,0.005,19,1,0.002,14,1.5,0.001,0.027769999999997297,33
1.5,0.006,19,1,0.002,14,1.5,0.001,0.027769999999997297,33
1.5,0.005,19,1,0.002,14,1.5,0.0005,0.027769999999997297,33
1.5,0.006,19,1,0.002,14,1.5,0.0005,0.027769999999997297,33
1.5,0.005,19,1,0.002,14,1.5,0.0,0.027769999999997297,33
1.5,0.006,19,1,0.002,14,1.5,0.0,0.027769999999997297,33
1.5,0.004,20,1,0.002,14,1.5,0.0015,0.027589999999997228,33
1.5,0.004,20,1,0.002,14,1.5,0.001,0.027589999999997228,33
1.5,0.004,20,1,0.002,14,1.5,0.0005,0.027589999999997228,33
1.5,0.004,20,1,0.002,14,1.5,0.0,0.027589999999997228,33
1.5,0.005,18,1,0.002,14,1.6,0.0015,0.027300000000002198,33
1.5,0.006,18,1,0.002,14,1.6,0.0015,0.027300000000002198,33
1.5,0.005,18,1,0.002,14,1.6,0.001,0.027300000000002198,33
1.5,0.006,18,1,0.002,14,1.6,0.001,0.027300000000002198,33
1.5,0.005,18,1,0.002,14,1.6,0.0005,0.027300000000002198,33
1.5,0.006,18,1,0.002,14,1.6,0.0005,0.027300000000002198,33
1.5,0.005,18,1,0.002,14,1.6,0.0,0.027300000000002198,33
1.5,0.006,18,1,0.002,14,1.6,0.0,0.027300000000002198,33
1.5,0.005,20,1,0.002,14,1.5,0.0015,0.025589999999997226,33
1.5,0.006,20,1,0.002,14,1.5,0.0015,0.025589999999997226,33
1.5,0.005,20,1,0.002,14,1.5,0.001,0.025589999999997226,33
1.5,0.006,20,1,0.002,14,1.5,0.001,0.025589999999997226,33
1.5,0.005,20,1,0.002,14,1.5,0.0005,0.025589999999997226,33
1.5,0.006,20,1,0.002,14,1.5,0.0005,0.025589999999997226,33
1.5,0.005,20,1,0.002,14,1.5,0.0,0.025589999999997226,33
1.5,0.006,20,1,0.002,14,1.5,0.0,0.025589999999997226,33
1.5,0.004,19,1,0.002,14,1.4,0.0015,0.025169999999997805,33
1.5,0.004,19,1,0.002,14,1.4,0.001,0.025169999999997805,33
1.5,0.004,19,1,0.002,14,1.4,0.0005,0.025169999999997805,33
1.5,0.004,19,1,0.002,14,1.4,0.0,0.025169999999997805,33
1.5,0.004,18,1,0.002,14,1.5,0.0015,0.0248999999999978,33
1.5,0.004,18,1,0.002,14,1.5,0.001,0.0248999999999978,33
1.5,0.004,18,1,0.002,14,1.5,0.0005,0.0248999999999978,33
1.5,0.004,18,1,0.002,14,1.5,0.0,0.0248999999999978,33
1.5,0.005,19,1,0.002,14,1.4,0.0015,0.023169999999997803,33
1.5,0.006,19,1,0.002,14,1.4,0.0015,0.023169999999997803,33
1.5,0.005,19,1,0.002,14,1.4,0.001,0.023169999999997803,33
1.5,0.006,19,1,0.002,14,1.4,0.001,0.023169999999997803,33
1.5,0.005,19,1,0.002,14,1.4,0.0005,0.023169999999997803,33
1.5,0.006,19,1,0.002,14,1.4,0.0005,0.023169999999997803,33
1.5,0.005,19,1,0.002,14,1.4,0.0,0.023169999999997803,33
1.5,0.006,19,1,0.002,14,1.4,0.0,0.023169999999997803,33
1.5,0.004,20,1,0.002,14,1.4,0.0015,0.022989999999997738,33
1.5,0.004,20,1,0.002,14,1.4,0.001,0.022989999999997738,33
1.5,0.004,20,1,0.002,14,1.4,0.0005,0.022989999999997738,33
1.5,0.004,20,1,0.002,14,1.4,0.0,0.022989999999997738,33
1.5,0.005,18,1,0.002,14,1.5,0.0015,0.022899999999997794,33
1.5,0.006,18,1,0.002,14,1.5,0.0015,0.022899999999997794,33
1.5,0.005,18,1,0.002,14,1.5,0.001,0.022899999999997794,33
1.5,0.006,18,1,0.002,14,1.5,0.001,0.022899999999997794,33
1.5,0.005,18,1,0.002,14,1.5,0.0005,0.022899999999997794,33
1.5,0.006,18,1,0.002,14,1.5,0.0005,0.022899999999997794,33
1.5,0.005,18,1,0.002,14,1.5,0.0,0.022899999999997794,33
1.5,0.006,18,1,0.002,14,1.5,0.0,0.022899999999997794,33
1.5,0.004,19,1,0.0015,14,1.6,0.0015,0.02218999999999767,33
1.5,0.004,19,1,0.0015,14,1.6,0.001,0.02218999999999767,33
1.5,0.004,19,1,0.0015,14,1.6,0.0005,0.02218999999999767,33
1.5,0.004,19,1,0.0015,14,1.6,0.0,0.02218999999999767,33
1.5,0.004,18,1,0.0015,14,1.6,0.0015,0.022019999999997666,33
1.5,0.004,18,1,0.0015,14,1.6,0.001,0.022019999999997666,33
1.5,0.004,18,1,0.0015,14,1.6,0.0005,0.022019999999997666,33
1.5,0.004,18,1,0.0015,14,1.6,0.0,0.022019999999997666,33
1.5,0.005,20,1,0.002,14,1.4,0.0015,0.020989999999997736,33
1.5,0.006,20,1,0.002,14,1.4,0.0015,0.020989999999997736,33
1.5,0.005,20,1,0.002,14,1.4,0.001,0.020989999999997736,33
1.5,0.006,20,1,0.002,14,1.4,0.001,0.020989999999997736,33
1.5,0.005,20,1,0.002,14,1.4,0.0005,0.020989999999997736,33
1.5,0.006,20,1,0.002,14,1.4,0.0005,0.020989999999997736,33
1.5,0.005,20,1,0.002,14,1.4,0.0,0.020989999999997736,33
1.5,0.006,20,1,0.002,14,1.4,0.0,0.020989999999997736,33
1.5,0.005,19,1,0.0015,14,1.6,0.0015,0.020689999999997613,33
1.5,0.006,19,1,0.0015,14,1.6,0.0015,0.020689999999997613,33
1.5,0.005,19,1,0.0015,14,1.6,0.001,0.020689999999997613,33
1.5,0.006,19,1,0.0015,14,1.6,0.001,0.020689999999997613,33
1.5,0.005,19,1,0.0015,14,1.6,0.0005,0.020689999999997613,33
1.5,0.006,19,1,0.0015,14,1.6,0.0005,0.020689999999997613,33
1.5,0.005,19,1,0.0015,14,1.6,0.0,0.020689999999997613,33
1.5,0.006,19,1,0.0015,14,1.6,0.0,0.020689999999997613,33
1.5,0.004,19,1,0.002,14,1.3,0.0015,0.020569999999998315,33
1.5,0.004,19,1,0.002,14,1.3,0.001,0.020569999999998315,33
1.5,0.004,19,1,0.002,14,1.3,0.0005,0.020569999999998315,33
1.5,0.004,19,1,0.002,14,1.3,0.0,0.020569999999998315,33
1.5,0.005,18,1,0.0015,14,1.6,0.0015,0.02051999999999761,33
1.5,0.006,18,1,0.0015,14,1.6,0.0015,0.02051999999999761,33
1.5,0.005,18,1,0.0015,14,1.6,0.001,0.02051999999999761,33
1.5,0.006,18,1,0.0015,14,1.6,0.001,0.02051999999999761,33
1.5,0.005,18,1,0.0015,14,1.6,0.0005,0.02051999999999761,33
1.5,0.006,18,1,0.0015,14,1.6,0.0005,0.02051999999999761,33
1.5,0.005,18,1,0.0015,14,1.6,0.0,0.02051999999999761,33
1.5,0.006,18,1,0.0015,14,1.6,0.0,0.02051999999999761,33
1.5,0.004,18,1,0.002,14,1.4,0.0015,0.02049999999999828,33
1.5,0.004,18,1,0.002,14,1.4,0.001,0.02049999999999828,33
1.5,0.004,18,1,0.002,14,1.4,0.0005,0.02049999999999828,33
1.5,0.004,18,1,0.002,14,1.4,0.0,0.02049999999999828,33
1.5,0.004,20,1,0.0015,14,1.6,0.0015,0.020389999999997646,33
1.5,0.004,20,1,0.0015,14,1.6,0.001,0.020389999999997646,33
1.5,0.004,20,1,0.0015,14,1.6,0.0005,0.020389999999997646,33
1.5,0.004,20,1,0.0015,14,1.6,0.0,0.020389999999997646,33
1.5,0.005,20,1,0.0015,14,1.6,0.0015,0.01888999999999759,33
1.5,0.006,20,1,0.0015,14,1.6,0.0015,0.01888999999999759,33
1.5,0.005,20,1,0.0015,14,1.6,0.001,0.01888999999999759,33
1.5,0.006,20,1,0.0015,14,1.6,0.001,0.01888999999999759,33
1.5,0.005,20,1,0.0015,14,1.6,0.0005,0.01888999999999759,33
1.5,0.006,20,1,0.0015,14,1.6,0.0005,0.01888999999999759,33
1.5,0.005,20,1,0.0015,14,1.6,0.0,0.01888999999999759,33
1.5,0.006,20,1,0.0015,14,1.6,0.0,0.01888999999999759,33
1.5,0.004,19,1,0.0015,14,1.5,0.0015,0.018740000000000603,33
1.5,0.004,19,1,0.0015,14,1.5,0.001,0.018740000000000603,33
1.5,0.004,19,1,0.0015,14,1.5,0.0005,0.018740000000000603,33
1.5,0.004,19,1,0.0015,14,1.5,0.0,0.018740000000000603,33
1.5,0.004,18,1,0.0015,14,1.5,0.0015,0.0185700000000006,33
1.5,0.004,18,1,0.0015,14,1.5,0.001,0.0185700000000006,33
1.5,0.004,18,1,0.0015,14,1.5,0.0005,0.0185700000000006,33
1.5,0.004,18,1,0.0015,14,1.5,0.0,0.0185700000000006,33
1.5,0.005,19,1,0.002,14,1.3,0.0015,0.018569999999998314,33
1.5,0.006,19,1,0.002,14,1.3,0.0015,0.018569999999998314,33
1.5,0.005,19,1,0.002,14,1.3,0.001,0.018569999999998314,33
1.5,0.006,19,1,0.002,14,1.3,0.001,0.018569999999998314,33
1.5,0.005,19,1,0.002,14,1.3,0.0005,0.018569999999998314,33
1.5,0.006,19,1,0.002,14,1.3,0.0005,0.018569999999998314,33
1.5,0.005,19,1,0.002,14,1.3,0.0,0.018569999999998314,33
1.5,0.006,19,1,0.002,14,1.3,0.0,0.018569999999998314,33
1.5,0.005,18,1,0.002,14,1.4,0.0015,0.018499999999998278,33
1.5,0.006,18,1,0.002,14,1.4,0.0015,0.018499999999998278,33
1.5,0.005,18,1,0.002,14,1.4,0.001,0.018499999999998278,33
1.5,0.006,18,1,0.002,14,1.4,0.001,0.018499999999998278,33
1.5,0.005,18,1,0.002,14,1.4,0.0005,0.018499999999998278,33
1.5,0.006,18,1,0.002,14,1.4,0.0005,0.018499999999998278,33
1.5,0.005,18,1,0.002,14,1.4,0.0,0.018499999999998278,33
1.5,0.006,18,1,0.002,14,1.4,0.0,0.018499999999998278,33
1.5,0.004,20,1,0.002,14,1.3,0.0015,0.018389999999998245,33
1.5,0.004,20,1,0.002,14,1.3,0.001,0.018389999999998245,33
1.5,0.004,20,1,0.002,14,1.3,0.0005,0.018389999999998245,33
1.5,0.004,20,1,0.002,14,1.3,0.0,0.018389999999998245,33
1.5,0.005,19,1,0.0015,14,1.5,0.0015,0.017240000000000547,33
1.5,0.006,19,1,0.0015,14,1.5,0.0015,0.017240000000000547,33
1.5,0.005,19,1,0.0015,14,1.5,0.001,0.017240000000000547,33
1.5,0.006,19,1,0.0015,14,1.5,0.001,0.017240000000000547,33
1.5,0.005,19,1,0.0015,14,1.5,0.0005,0.017240000000000547,33
1.5,0.006,19,1,0.0015,14,1.5,0.0005,0.017240000000000547,33
1.5,0.005,19,1,0.0015,14,1.5,0.0,0.017240000000000547,33
1.5,0.006,19,1,0.0015,14,1.5,0.0,0.017240000000000547,33
1.5,0.005,18,1,0.0015,14,1.5,0.0015,0.017070000000000543,33
1.5,0.006,18,1,0.0015,14,1.5,0.0015,0.017070000000000543,33
1.5,0.005,18,1,0.0015,14,1.5,0.001,0.017070000000000543,33
1.5,0.006,18,1,0.0015,14,1.5,0.001,0.017070000000000543,33
1.5,0.005,18,1,0.0015,14,1.5,0.0005,0.017070000000000543,33
1.5,0.006,18,1,0.0015,14,1.5,0.0005,0.017070000000000543,33
1.5,0.005,18,1,0.0015,14,1.5,0.0,0.017070000000000543,33
1.5,0.006,18,1,0.0015,14,1.5,0.0,0.017070000000000543,33
1.5,0.004,20,1,0.0015,14,1.5,0.0015,0.01694000000000058,33
1.5,0.004,20,1,0.0015,14,1.5,0.001,0.01694000000000058,33
1.5,0.004,20,1,0.0015,14,1.5,0.0005,0.01694000000000058,33
1.5,0.004,20,1,0.0015,14,1.5,0.0,0.01694000000000058,33
1.5,0.004,19,1,0.0015,14,1.4,0.0015,0.01683999999999839,33
1.5,0.004,20,1,0.0015,14,1.4,0.0015,0.01683999999999839,33
1.5,0.004,19,1,0.0015,14,1.4,0.001,0.01683999999999839,33
1.5,0.004,20,1,0.0015,14,1.4,0.001,0.01683999999999839,33
1.5,0.004,19,1,0.0015,14,1.4,0.0005,0.01683999999999839,33
1.5,0.004,20,1,0.0015,14,1.4,0.0005,0.01683999999999839,33
1.5,0.004,19,1,0.0015,14,1.4,0.0,0.01683999999999839,33
1.5,0.004,20,1,0.0015,14,1.4,0.0,0.01683999999999839,33
1.5,0.004,18,1,0.0015,14,1.4,0.0015,0.016439999999998435,33
1.5,0.004,18,1,0.0015,14,1.4,0.001,0.016439999999998435,33
1.5,0.004,18,1,0.0015,14,1.4,0.0005,0.016439999999998435,33
1.5,0.004,18,1,0.0015,14,1.4,0.0,0.016439999999998435,33
1.5,0.005,20,1,0.002,14,1.3,0.0015,0.016389999999998243,33
1.5,0.006,20,1,0.002,14,1.3,0.0015,0.016389999999998243,33
1.5,0.005,20,1,0.002,14,1.3,0.001,0.016389999999998243,33
1.5,0.006,20,1,0.002,14,1.3,0.001,0.016389999999998243,33
1.5,0.005,20,1,0.002,14,1.3,0.0005,0.016389999999998243,33
1.5,0.006,20,1,0.002,14,1.3,0.0005,0.016389999999998243,33
1.5,0.005,20,1,0.002,14,1.3,0.0,0.016389999999998243,33
1.5,0.006,20,1,0.002,14,1.3,0.0,0.016389999999998243,33
1.5,0.004,18,1,0.002,14,1.3,0.0015,0.01609999999999876,33
1.5,0.004,18,1,0.002,14,1.3,0.001,0.01609999999999876,33
1.5,0.004,18,1,0.002,14,1.3,0.0005,0.01609999999999876,33
1.5,0.004,18,1,0.002,14,1.3,0.0,0.01609999999999876,33
1.5,0.005,20,1,0.0015,14,1.5,0.0015,0.015440000000000521,33
1.5,0.006,20,1,0.0015,14,1.5,0.0015,0.015440000000000521,33
1.5,0.005,20,1,0.0015,14,1.5,0.001,0.015440000000000521,33
1.5,0.006,20,1,0.0015,14,1.5,0.001,0.015440000000000521,33
1.5,0.005,20,1,0.0015,14,1.5,0.0005,0.015440000000000521,33
1.5,0.006,20,1,0.0015,14,1.5,0.0005,0.015440000000000521,33
1.5,0.005,20,1,0.0015,14,1.5,0.0,0.015440000000000521,33
1.5,0.006,20,1,0.0015,14,1.5,0.0,0.015440000000000521,33
1.5,0.004,18,1,0.001,14,1.4,0.0015,0.015400000000004077,33
1.5,0.004,19,1,0.001,14,1.4,0.0015,0.015400000000004077,33
1.5,0.004,20,1,0.001,14,1.4,0.0015,0.015400000000004077,33
1.5,0.004,18,1,0.001,14,1.4,0.001,0.015400000000004077,33
1.5,0.004,19,1,0.001,14,1.4,0.001,0.015400000000004077,33
1.5,0.004,20,1,0.001,14,1.4,0.001,0.015400000000004077,33
1.5,0.004,18,1,0.001,14,1.4,0.0005,0.015400000000004077,33
1.5,0.004,19,1,0.001,14,1.4,0.0005,0.015400000000004077,33
1.5,0.004,20,1,0.001,14,1.4,0.0005,0.015400000000004077,33
1.5,0.004,18,1,0.001,14,1.4,0.0,0.015400000000004077,33
1.5,0.004,19,1,0.001,14,1.4,0.0,0.015400000000004077,33
1.5,0.004,20,1,0.001,14,1.4,0.0,0.015400000000004077,33
1.5,0.005,19,1,0.0015,14,1.4,0.0015,0.015339999999998332,33
1.5,0.005,20,1,0.0015,14,1.4,0.0015,0.015339999999998332,33
1.5,0.006,19,1,0.0015,14,1.4,0.0015,0.015339999999998332,33
1.5,0.006,20,1,0.0015,14,1.4,0.0015,0.015339999999998332,33
1.5,0.005,19,1,0.0015,14,1.4,0.001,0.015339999999998332,33
1.5,0.005,20,1,0.0015,14,1.4,0.001,0.015339999999998332,33
1.5,0.006,19,1,0.0015,14,1.4,0.001,0.015339999999998332,33
1.5,0.006,20,1,0.0015,14,1.4,0.001,0.015339999999998332,33
1.5,0.005,19,1,0.0015,14,1.4,0.0005,0.015339999999998332,33
1.5,0.005,20,1,0.0015,14,1.4,0.0005,0.015339999999998332,33
1.5,0.006,19,1,0.0015,14,1.4,0.0005,0.015339999999998332,33
1.5,0.006,20,1,0.0015,14,1.4,0.0005,0.015339999999998332,33
1.5,0.005,19,1,0.0015,14,1.4,0.0,0.015339999999998332,33
1.5,0.005,20,1,0.0015,14,1.4,0.0,0.015339999999998332,33
1.5,0.006,19,1,0.0015,14,1.4,0.0,0.015339999999998332,33
1.5,0.006,20,1,0.0015,14,1.4,0.0,0.015339999999998332,33
1.5,0.005,18,1,0.0015,14,1.4,0.0015,0.014939999999998376,33
1.5,0.006,18,1,0.0015,14,1.4,0.0015,0.014939999999998376,33
1.5,0.005,18,1,0.0015,14,1.4,0.001,0.014939999999998376,33
1.5,0.006,18,1,0.0015,14,1.4,0.001,0.014939999999998376,33
1.5,0.005,18,1,0.0015,14,1.4,0.0005,0.014939999999998376,33
1.5,0.006,18,1,0.0015,14,1.4,0.0005,0.014939999999998376,33
1.5,0.005,18,1,0.0015,14,1.4,0.0,0.014939999999998376,33
1.5,0.006,18,1,0.0015,14,1.4,0.0,0.014939999999998376,33
1.5,0.005,18,1,0.001,14,1.4,0.0015,0.014400000000004187,33
1.5,0.005,19,1,0.001,14,1.4,0.0015,0.014400000000004187,33
1.5,0.005,20,1,0.001,14,1.4,0.0015,0.014400000000004187,33
1.5,0.006,18,1,0.001,14,1.4,0.0015,0.014400000000004187,33
1.5,0.006,19,1,0.001,14,1.4,0.0015,0.014400000000004187,33
1.5,0.006,20,1,0.001,14,1.4,0.0015,0.014400000000004187,33
1.5,0.005,18,1,0.001,14,1.4,0.001,0.014400000000004187,33
1.5,0.005,19,1,0.001,14,1.4,0.001,0.014400000000004187,33
1.5,0.005,20,1,0.001,14,1.4,0.001,0.014400000000004187,33
1.5,0.006,18,1,0.001,14,1.4,0.001,0.014400000000004187,33
1.5,0.006,19,1,0.001,14,1.4,0.001,0.014400000000004187,33
1.5,0.006,20,1,0.001,14,1.4,0.001,0.014400000000004187,33
1.5,0.005,18,1,0.001,14,1.4,0.0005,0.014400000000004187,33
1.5,0.005,19,1,0.001,14,1.4,0.0005,0.014400000000004187,33
1.5,0.005,20,1,0.001,14,1.4,0.0005,0.014400000000004187,33
1.5,0.006,18,1,0.001,14,1.4,0.0005,0.014400000000004187,33
1.5,0.006,19,1,0.001,14,1.4,0.0005,0.014400000000004187,33
1.5,0.006,20,1,0.001,14,1.4,0.0005,0.014400000000004187,33
1.5,0.005,18,1,0.001,14,1.4,0.0,0.014400000000004187,33
1.5,0.005,19,1,0.001,14,1.4,0.0,0.014400000000004187,33
1.5,0.005,20,1,0.001,14,1.4,0.0,0.014400000000004187,33
1.5,0.006,18,1,0.001,14,1.4,0.0,0.014400000000004187,33
1.5,0.006,19,1,0.001,14,1.4,0.0,0.014400000000004187,33
1.5,0.006,20,1,0.001,14,1.4,0.0,0.014400000000004187,33
1.5,0.006,19,1,0.001,15,1.4,0.0015,0.014280000000003823,29
1.5,0.006,20,1,0.001,15,1.4,0.0015,0.014280000000003823,29
1.5,0.006,19,1,0.001,15,1.4,0.001,0.014280000000003823,29
1.5,0.006,20,1,0.001,15,1.4,0.001,0.014280000000003823,29
1.5,0.006,19,1,0.001,15,1.4,0.0005,0.014280000000003823,29
1.5,0.006,20,1,0.001,15,1.4,0.0005,0.014280000000003823,29
1.5,0.006,19,1,0.001,15,1.4,0.0,0.014280000000003823,29
1.5,0.006,20,1,0.001,15,1.4,0.0,0.014280000000003823,29
1.5,0.005,18,1,0.002,14,1.3,0.0015,0.014099999999998756,33
1.5,0.006,18,1,0.002,14,1.3,0.0015,0.014099999999998756,33
1.5,0.005,18,1,0.002,14,1.3,0.001,0.014099999999998756,33
1.5,0.006,18,1,0.002,14,1.3,0.001,0.014099999999998756,33
1.5,0.005,18,1,0.002,14,1.3,0.0005,0.014099999999998756,33
1.5,0.006,18,1,0.002,14,1.3,0.0005,0.014099999999998756,33
1.5,0.005,18,1,0.002,14,1.3,0.0,0.014099999999998756,33
1.5,0.006,18,1,0.002,14,1.3,0.0,0.014099999999998756,33
1.5,0.004,19,1,0.0015,14,1.3,0.0015,0.013239999999996121,33
1.5,0.004,20,1,0.0015,14,1.3,0.0015,0.013239999999996121,33
1.5,0.004,19,1,0.0015,14,1.3,0.001,0.013239999999996121,33
1.5,0.004,20,1,0.0015,14,1.3,0.001,0.013239999999996121,33
1.5,0.004,19,1,0.0015,14,1.3,0.0005,0.013239999999996121,33
1.5,0.004,20,1,0.0015,14,1.3,0.0005,0.013239999999996121,33
1.5,0.004,19,1,0.0015,14,1.3,0.0,0.013239999999996121,33
1.5,0.004,20,1,0.0015,14,1.3,0.0,0.013239999999996121,33
1.5,0.004,18,1,0.0015,14,1.3,0.0015,0.012839999999996165,33
1.5,0.004,18,1,0.0015,14,1.3,0.001,0.012839999999996165,33
1.5,0.004,18,1,0.0015,14,1.3,0.0005,0.012839999999996165,33
1.5,0.004,18,1,0.0015,14,1.3,0.0,0.012839999999996165,33
1.5,0.004,18,1,0.001,14,1.3,0.0015,0.012800000000004363,33
1.5,0.004,19,1,0.001,14,1.3,0.0015,0.012800000000004363,33
1.5,0.004,20,1,0.001,14,1.3,0.0015,0.012800000000004363,33
1.5,0.004,18,1,0.001,14,1.3,0.001,0.012800000000004363,33
1.5,0.004,19,1,0.001,14,1.3,0.001,0.012800000000004363,33
1.5,0.004,20,1,0.001,14,1.3,0.001,0.012800000000004363,33
1.5,0.004,18,1,0.001,14,1.3,0.0005,0.012800000000004363,33
1.5,0.004,19,1,0.001,14,1.3,0.0005,0.012800000000004363,33
1.5,0.004,20,1,0.001,14,1.3,0.0005,0.012800000000004363,33
1.5,0.004,18,1,0.001,14,1.3,0.0,0.012800000000004363,33
1.5,0.004,19,1,0.001,14,1.3,0.0,0.012800000000004363,33
1.5,0.004,20,1,0.001,14,1.3,0.0,0.012800000000004363,33
1.5,0.006,20,1,0.002,15,1.5,0.0015,0.012491454545451664,29
1.5,0.006,20,1,0.002,15,1.5,0.001,0.012491454545451664,29
1.5,0.006,20,1,0.002,15,1.5,0.0005,0.012491454545451664,29
1.5,0.006,20,1,0.002,15,1.5,0.0,0.012491454545451664,29
1.5,0.005,18,1,0.001,14,1.3,0.0015,0.011800000000004474,33
1.5,0.005,19,1,0.001,14,1.3,0.0015,0.011800000000004474,33
1.5,0.005,20,1,0.001,14,1.3,0.0015,0.011800000000004474,33
1.5,0.006,18,1,0.001,14,1.3,0.0015,0.011800000000004474,33
1.5,0.006,19,1,0.001,14,1.3,0.0015,0.011800000000004474,33
1.5,0.006,20,1,0.001,14,1.3,0.0015,0.011800000000004474,33
1.5,0.005,18,1,0.001,14,1.3,0.001,0.011800000000004474,33
1.5,0.005,19,1,0.001,14,1.3,0.001,0.011800000000004474,33
1.5,0.005,20,1,0.001,14,1.3,0.001,0.011800000000004474,33
1.5,0.006,18,1,0.001,14,1.3,0.001,0.011800000000004474,33
1.5,0.006,19,1,0.001,14,1.3,0.001,0.011800000000004474,33
1.5,0.006,20,1,0.001,14,1.3,0.001,0.011800000000004474,33
1.5,0.005,18,1,0.001,14,1.3,0.0005,0.011800000000004474,33
1.5,0.005,19,1,0.001,14,1.3,0.0005,0.011800000000004474,33
1.5,0.005,20,1,0.001,14,1.3,0.0005,0.011800000000004474,33
1.5,0.006,18,1,0.001,14,1.3,0.0005,0.011800000000004474,33
1.5,0.006,19,1,0.001,14,1.3,0.0005,0.011800000000004474,33
1.5,0.006,20,1,0.001,14,1.3,0.0005,0.011800000000004474,33
1.5,0.005,18,1,0.001,14,1.3,0.0,0.011800000000004474,33
1.5,0.005,19,1,0.001,14,1.3,0.0,0.011800000000004474,33
1.5,0.005,20,1,0.001,14,1.3,0.0,0.011800000000004474,33
1.5,0.006,18,1,0.001,14,1.3,0.0,0.011800000000004474,33
1.5,0.006,19,1,0.001,14,1.3,0.0,0.011800000000004474,33
1.5,0.006,20,1,0.001,14,1.3,0.0,0.011800000000004474,33
1.5,0.006,19,1,0.001,15,1.3,0.0015,0.011780000000004098,29
1.5,0.006,20,1,0.001,15,1.3,0.0015,0.011780000000004098,29
1.5,0.006,19,1,0.001,15,1.3,0.001,0.011780000000004098,29
1.5,0.006,20,1,0.001,15,1.3,0.001,0.011780000000004098,29
1.5,0.006,19,1,0.001,15,1.3,0.0005,0.011780000000004098,29
1.5,0.006,20,1,0.001,15,1.3,0.0005,0.011780000000004098,29
1.5,0.006,19,1,0.001,15,1.3,0.0,0.011780000000004098,29
1.5,0.006,20,1,0.001,15,1.3,0.0,0.011780000000004098,29
1.5,0.005,19,1,0.0015,14,1.3,0.0015,0.011739999999996064,33
1.5,0.005,20,1,0.0015,14,1.3,0.0015,0.011739999999996064,33
1.5,0.006,19,1,0.0015,14,1.3,0.0015,0.011739999999996064,33
1.5,0.006,20,1,0.0015,14,1.3,0.0015,0.011739999999996064,33
1.5,0.005,19,1,0.0015,14,1.3,0.001,0.011739999999996064,33
1.5,0.005,20,1,0.0015,14,1.3,0.001,0.011739999999996064,33
1.5,0.006,19,1,0.0015,14,1.3,0.001,0.011739999999996064,33
1.5,0.006,20,1,0.0015,14,1.3,0.001,0.011739999999996064,33
1.5,0.005,19,1,0.0015,14,1.3,0.0005,0.011739999999996064,33
1.5,0.005,20,1,0.0015,14,1.3,0.0005,0.011739999999996064,33
1.5,0.006,19,1,0.0015,14,1.3,0.0005,0.011739999999996064,33
1.5,0.006,20,1,0.0015,14,1.3,0.0005,0.011739999999996064,33
1.5,0.005,19,1,0.0015,14,1.3,0.0,0.011739999999996064,33
1.5,0.005,20,1,0.0015,14,1.3,0.0,0.011739999999996064,33
1.5,0.006,19,1,0.0015,14,1.3,0.0,0.011739999999996064,33
1.5,0.006,20,1,0.0015,14,1.3,0.0,0.011739999999996064,33
1.5,0.005,18,1,0.0015,14,1.3,0.0015,0.011339999999996108,33
1.5,0.006,18,1,0.0015,14,1.3,0.0015,0.011339999999996108,33
1.5,0.005,18,1,0.0015,14,1.3,0.001,0.011339999999996108,33
1.5,0.006,18,1,0.0015,14,1.3,0.001,0.011339999999996108,33
1.5,0.005,18,1,0.0015,14,1.3,0.0005,0.011339999999996108,33
1.5,0.006,18,1,0.0015,14,1.3,0.0005,0.011339999999996108,33
1.5,0.005,18,1,0.0015,14,1.3,0.0,0.011339999999996108,33
1.5,0.006,18,1,0.0015,14,1.3,0.0,0.011339999999996108,33
1.5,0.006,20,1,0.002,15,1.4,0.0015,0.011261454545452089,29
1.5,0.006,20,1,0.002,15,1.4,0.001,0.011261454545452089,29
1.5,0.006,20,1,0.002,15,1.4,0.0005,0.011261454545452089,29
1.5,0.006,20,1,0.002,15,1.4,0.0,0.011261454545452089,29
1.5,0.006,18,1,0.001,15,1.4,0.0015,0.010884000000004024,29
1.5,0.006,18,1,0.001,15,1.4,0.001,0.010884000000004024,29
1.5,0.006,18,1,0.001,15,1.4,0.0005,0.010884000000004024,29
1.5,0.006,18,1,0.001,15,1.4,0.0,0.010884000000004024,29
1.5,0.004,18,1,0.001,14,1.5,0.0015,0.01050000000000395,33
1.5,0.004,19,1,0.001,14,1.5,0.0015,0.01050000000000395,33
1.5,0.004,20,1,0.001,14,1.5,0.0015,0.01050000000000395,33
1.5,0.004,18,1,0.001,14,1.5,0.001,0.01050000000000395,33
1.5,0.004,19,1,0.001,14,1.5,0.001,0.01050000000000395,33
1.5,0.004,20,1,0.001,14,1.5,0.001,0.01050000000000395,33
1.5,0.004,18,1,0.001,14,1.5,0.0005,0.01050000000000395,33
1.5,0.004,19,1,0.001,14,1.5,0.0005,0.01050000000000395,33
1.5,0.004,20,1,0.001,14,1.5,0.0005,0.01050000000000395,33
1.5,0.004,18,1,0.001,14,1.5,0.0,0.01050000000000395,33
1.5,0.004,19,1,0.001,14,1.5,0.0,0.01050000000000395,33
1.5,0.004,20,1,0.001,14,1.5,0.0,0.01050000000000395,33
1.5,0.005,18,1,0.001,14,1.5,0.0015,0.00950000000000406,33
1.5,0.005,19,1,0.001,14,1.5,0.0015,0.00950000000000406,33
1.5,0.005,20,1,0.001,14,1.5,0.0015,0.00950000000000406,33
1.5,0.006,18,1,0.001,14,1.5,0.0015,0.00950000000000406,33
1.5,0.006,19,1,0.001,14,1.5,0.0015,0.00950000000000406,33
1.5,0.006,20,1,0.001,14,1.5,0.0015,0.00950000000000406,33
1.5,0.005,18,1,0.001,14,1.5,0.001,0.00950000000000406,33
1.5,0.005,19,1,0.001,14,1.5,0.001,0.00950000000000406,33
1.5,0.005,20,1,0.001,14,1.5,0.001,0.00950000000000406,33
1.5,0.006,18,1,0.001,14,1.5,0.001,0.00950000000000406,33
1.5,0.006,19,1,0.001,14,1.5,0.001,0.00950000000000406,33
1.5,0.006,20,1,0.001,14,1.5,0.001,0.00950000000000406,33
1.5,0.005,18,1,0.001,14,1.5,0.0005,0.00950000000000406,33
1.5,0.005,19,1,0.001,14,1.5,0.0005,0.00950000000000406,33
1.5,0.005,20,1,0.001,14,1.5,0.0005,0.00950000000000406,33
1.5,0.006,18,1,0.001,14,1.5,0.0005,0.00950000000000406,33
1.5,0.006,19,1,0.001,14,1.5,0.0005,0.00950000000000406,33
1.5,0.006,20,1,0.001,14,1.5,0.0005,0.00950000000000406,33
1.5,0.005,18,1,0.001,14,1.5,0.0,0.00950000000000406,33
1.5,0.005,19,1,0.001,14,1.5,0.0,0.00950000000000406,33
1.5,0.005,20,1,0.001,14,1.5,0.0,0.00950000000000406,33
1.5,0.006,18,1,0.001,14,1.5,0.0,0.00950000000000406,33
1.5,0.006,19,1,0.001,14,1.5,0.0,0.00950000000000406,33
1.5,0.006,20,1,0.001,14,1.5,0.0,0.00950000000000406,33
1.5,0.006,19,1,0.001,15,1.5,0.0015,0.009280000000003707,29
1.5,0.006,20,1,0.001,15,1.5,0.0015,0.009280000000003707,29
1.5,0.006,19,1,0.001,15,1.5,0.001,0.009280000000003707,29
1.5,0.006,20,1,0.001,15,1.5,0.001,0.009280000000003707,29
1.5,0.006,19,1,0.001,15,1.5,0.0005,0.009280000000003707,29
1.5,0.006,20,1,0.001,15,1.5,0.0005,0.009280000000003707,29
1.5,0.006,19,1,0.001,15,1.5,0.0,0.009280000000003707,29
1.5,0.006,20,1,0.001,15,1.5,0.0,0.009280000000003707,29
1.5,0.006,20,1,0.0015,15,1.4,0.0015,0.00909236363636159,29
1.5,0.006,20,1,0.0015,15,1.4,0.001,0.00909236363636159,29
1.5,0.006,20,1,0.0015,15,1.4,0.0005,0.00909236363636159,29
1.5,0.006,20,1,0.0015,15,1.4,0.0,0.00909236363636159,29
1.5,0.005,20,1,0.002,15,1.5,0.0015,0.008922363636361098,29
1.5,0.005,20,1,0.002,15,1.5,0.001,0.008922363636361098,29
1.5,0.005,20,1,0.002,15,1.5,0.0005,0.008922363636361098,29
1.5,0.005,20,1,0.002,15,1.5,0.0,0.008922363636361098,29
1.5,0.006,18,1,0.001,15,1.3,0.0015,0.008684000000004266,29
1.5,0.006,18,1,0.001,15,1.3,0.001,0.008684000000004266,29
1.5,0.006,18,1,0.001,15,1.3,0.0005,0.008684000000004266,29
1.5,0.006,18,1,0.001,15,1.3,0.0,0.008684000000004266,29
1.5,0.006,20,1,0.002,15,1.3,0.0015,0.008061454545452441,29
1.5,0.006,20,1,0.002,15,1.3,0.001,0.008061454545452441,29
1.5,0.006,20,1,0.002,15,1.3,0.0005,0.008061454545452441,29
1.5,0.006,20,1,0.002,15,1.3,0.0,0.008061454545452441,29
1.5,0.004,20,1,0.002,15,1.5,0.0015,0.007922363636361208,29
1.5,0.004,20,1,0.002,15,1.5,0.001,0.007922363636361208,29
1.5,0.004,20,1,0.002,15,1.5,0.0005,0.007922363636361208,29
1.5,0.004,20,1,0.002,15,1.5,0.0,0.007922363636361208,29
1.5,0.005,20,1,0.002,15,1.4,0.0015,0.007692363636361522,29
1.5,0.005,20,1,0.002,15,1.4,0.001,0.007692363636361522,29
1.5,0.005,20,1,0.002,15,1.4,0.0005,0.007692363636361522,29
1.5,0.005,20,1,0.002,15,1.4,0.0,0.007692363636361522,29
1.5,0.006,19,1,0.001,15,1.6,0.0015,0.007692000000003297,29
1.5,0.006,19,1,0.001,15,1.6,0.001,0.007692000000003297,29
1.5,0.006,19,1,0.001,15,1.6,0.0005,0.007692000000003297,29
1.5,0.006,19,1,0.001,15,1.6,0.0,0.007692000000003297,29
1.5,0.004,19,1,0.001,15,1.4,0.0015,0.007680000000003662,29
1.5,0.004,20,1,0.001,15,1.4,0.0015,0.007680000000003662,29
1.5,0.004,19,1,0.001,15,1.4,0.001,0.007680000000003662,29
1.5,0.004,20,1,0.001,15,1.4,0.001,0.007680000000003662,29
1.5,0.004,19,1,0.001,15,1.4,0.0005,0.007680000000003662,29
1.5,0.004,20,1,0.001,15,1.4,0.0005,0.007680000000003662,29
1.5,0.004,19,1,0.001,15,1.4,0.0,0.007680000000003662,29
1.5,0.004,20,1,0.001,15,1.4,0.0,0.007680000000003662,29
1.5,0.005,20,1,0.001,15,1.4,0.0015,0.007624000000003562,29
1.5,0.005,20,1,0.001,15,1.4,0.001,0.007624000000003562,29
1.5,0.005,20,1,0.001,15,1.4,0.0005,0.007624000000003562,29
1.5,0.005,20,1,0.001,15,1.4,0.0,0.007624000000003562,29
1.5,0.006,20,1,0.0015,15,1.3,0.0015,0.007282363636359747,29
1.5,0.006,20,1,0.0015,15,1.3,0.001,0.007282363636359747,29
1.5,0.006,20,1,0.0015,15,1.3,0.0005,0.007282363636359747,29
1.5,0.006,20,1,0.0015,15,1.3,0.0,0.007282363636359747,29
1.5,0.006,18,1,0.001,15,1.5,0.0015,0.007250363636366621,29
1.5,0.006,18,1,0.001,15,1.5,0.001,0.007250363636366621,29
1.5,0.006,18,1,0.001,15,1.5,0.0005,0.007250363636366621,29
1.5,0.006,18,1,0.001,15,1.5,0.0,0.007250363636366621,29
1.5,0.004,20,1,0.002,15,1.4,0.0015,0.00689236363636161,29
1.5,0.004,20,1,0.002,15,1.4,0.001,0.00689236363636161,29
1.5,0.004,20,1,0.002,15,1.4,0.0005,0.00689236363636161,29
1.5,0.004,20,1,0.002,15,1.4,0.0,0.00689236363636161,29
1.5,0.006,18,1,0.001,15,1.6,0.0015,0.006762363636366533,29
1.5,0.006,18,1,0.001,15,1.6,0.001,0.006762363636366533,29
1.5,0.006,18,1,0.001,15,1.6,0.0005,0.006762363636366533,29
1.5,0.006,18,1,0.001,15,1.6,0.0,0.006762363636366533,29
1.5,0.006,20,1,0.001,15,1.6,0.0015,0.006612000000003327,29
1.5,0.006,20,1,0.001,15,1.6,0.001,0.006612000000003327,29
1.5,0.006,20,1,0.001,15,1.6,0.0005,0.006612000000003327,29
1.5,0.006,20,1,0.001,15,1.6,0.0,0.006612000000003327,29
1.5,0.006,19,1,0.002,15,1.4,0.0015,0.0066105454545425405,29
1.5,0.006,19,1,0.002,15,1.4,0.001,0.0066105454545425405,29
1.5,0.006,19,1,0.002,15,1.4,0.0005,0.0066105454545425405,29
1.5,0.006,19,1,0.002,15,1.4,0.0,0.0066105454545425405,29
1.5,0.005,19,1,0.002,15,1.4,0.0015,0.006521454545452123,29
1.5,0.005,19,1,0.002,15,1.4,0.001,0.006521454545452123,29
1.5,0.005,19,1,0.002,15,1.4,0.0005,0.006521454545452123,29
1.5,0.005,19,1,0.002,15,1.4,0.0,0.006521454545452123,29
1.5,0.006,19,1,0.002,15,1.5,0.0015,0.006340545454542283,29
1.5,0.006,19,1,0.002,15,1.5,0.001,0.006340545454542283,29
1.5,0.006,19,1,0.002,15,1.5,0.0005,0.006340545454542283,29
1.5,0.006,19,1,0.002,15,1.5,0.0,0.006340545454542283,29
1.5,0.005,19,1,0.002,15,1.5,0.0015,0.006251454545451865,29
1.5,0.005,19,1,0.002,15,1.5,0.001,0.006251454545451865,29
1.5,0.005,19,1,0.002,15,1.5,0.0005,0.006251454545451865,29
1.5,0.005,19,1,0.002,15,1.5,0.0,0.006251454545451865,29
1.5,0.004,19,1,0.002,15,1.4,0.0015,0.005721454545452211,29
1.5,0.004,19,1,0.002,15,1.4,0.001,0.005721454545452211,29
1.5,0.004,19,1,0.002,15,1.4,0.0005,0.005721454545452211,29
1.5,0.004,19,1,0.002,15,1.4,0.0,0.005721454545452211,29
1.5,0.004,19,1,0.001,15,1.3,0.0015,0.0055800000000038935,29
1.5,0.004,20,1,0.001,15,1.3,0.0015,0.0055800000000038935,29
1.5,0.004,19,1,0.001,15,1.3,0.001,0.0055800000000038935,29
1.5,0.004,20,1,0.001,15,1.3,0.001,0.0055800000000038935,29
1.5,0.004,19,1,0.001,15,1.3,0.0005,0.0055800000000038935,29
1.5,0.004,20,1,0.001,15,1.3,0.0005,0.0055800000000038935,29
1.5,0.004,19,1,0.001,15,1.3,0.0,0.0055800000000038935,29
1.5,0.004,20,1,0.001,15,1.3,0.0,0.0055800000000038935,29
1.5,0.005,20,1,0.001,15,1.3,0.0015,0.005424000000003804,29
1.5,0.005,20,1,0.001,15,1.3,0.001,0.005424000000003804,29
1.5,0.005,20,1,0.001,15,1.3,0.0005,0.005424000000003804,29
1.5,0.005,20,1,0.001,15,1.3,0.0,0.005424000000003804,29
1.5,0.005,19,1,0.001,15,1.4,0.0015,0.005304000000003462,29
1.5,0.005,19,1,0.001,15,1.4,0.001,0.005304000000003462,29
1.5,0.005,19,1,0.001,15,1.4,0.0005,0.005304000000003462,29
1.5,0.005,19,1,0.001,15,1.4,0.0,0.005304000000003462,29
1.5,0.004,19,1,0.002,15,1.5,0.0015,0.005251454545451975,29
1.5,0.004,19,1,0.002,15,1.5,0.001,0.005251454545451975,29
1.5,0.004,19,1,0.002,15,1.5,0.0005,0.005251454545451975,29
1.5,0.004,19,1,0.002,15,1.5,0.0,0.005251454545451975,29
1.5,0.006,18,1,0.0015,15,1.4,0.0015,0.005122363636362205,29
1.5,0.006,18,1,0.0015,15,1.4,0.001,0.005122363636362205,29
1.5,0.006,18,1,0.0015,15,1.4,0.0005,0.005122363636362205,29
1.5,0.006,18,1,0.0015,15,1.4,0.0,0.005122363636362205,29
1.5,0.005,20,1,0.0015,15,1.6,0.0015,0.0045363636363610965,29
1.5,0.005,20,1,0.0015,15,1.6,0.001,0.0045363636363610965,29
1.5,0.005,20,1,0.0015,15,1.6,0.0005,0.0045363636363610965,29
1.5,0.005,20,1,0.0015,15,1.6,0.0,0.0045363636363610965,29
1.5,0.005,20,1,0.002,15,1.3,0.0015,0.004492363636361875,29
1.5,0.005,20,1,0.002,15,1.3,0.001,0.004492363636361875,29
1.5,0.005,20,1,0.002,15,1.3,0.0005,0.004492363636361875,29
1.5,0.005,20,1,0.002,15,1.3,0.0,0.004492363636361875,29
1.5,0.004,18,1,0.001,15,1.4,0.0015,0.004284000000003864,29
1.5,0.004,18,1,0.001,15,1.4,0.001,0.004284000000003864,29
1.5,0.004,18,1,0.001,15,1.4,0.0005,0.004284000000003864,29
1.5,0.004,18,1,0.001,15,1.4,0.0,0.004284000000003864,29
1.5,0.006,18,1,0.002,15,1.4,0.0015,0.003990545454543277,29
1.5,0.006,18,1,0.002,15,1.4,0.001,0.003990545454543277,29
1.5,0.006,18,1,0.002,15,1.4,0.0005,0.003990545454543277,29
1.5,0.006,18,1,0.002,15,1.4,0.0,0.003990545454543277,29
1.5,0.004,20,1,0.002,15,1.3,0.0015,0.0038923636363619404,29
1.5,0.004,20,1,0.002,15,1.3,0.001,0.0038923636363619404,29
1.5,0.004,20,1,0.002,15,1.3,0.0005,0.0038923636363619404,29
1.5,0.004,20,1,0.002,15,1.3,0.0,0.0038923636363619404,29
1.5,0.006,19,1,0.0015,15,1.4,0.0015,0.0035523636363614906,29
1.5,0.006,19,1,0.0015,15,1.4,0.001,0.0035523636363614906,29
1.5,0.006,19,1,0.0015,15,1.4,0.0005,0.0035523636363614906,29
1.5,0.006,19,1,0.0015,15,1.4,0.0,0.0035523636363614906,29
1.5,0.006,19,1,0.002,15,1.3,0.0015,0.0034105454545428925,29
1.5,0.006,19,1,0.002,15,1.3,0.001,0.0034105454545428925,29
1.5,0.006,19,1,0.002,15,1.3,0.0005,0.0034105454545428925,29
1.5,0.006,19,1,0.002,15,1.3,0.0,0.0034105454545428925,29
1.5,0.005,19,1,0.002,15,1.3,0.0015,0.003321454545452475,29
1.5,0.005,19,1,0.002,15,1.3,0.001,0.003321454545452475,29
1.5,0.005,19,1,0.002,15,1.3,0.0005,0.003321454545452475,29
1.5,0.005,19,1,0.002,15,1.3,0.0,0.003321454545452475,29
1.5,0.005,18,1,0.001,15,1.4,0.0015,0.0031880000000036103,29
1.5,0.005,18,1,0.001,15,1.4,0.001,0.0031880000000036103,29
1.5,0.005,18,1,0.001,15,1.4,0.0005,0.0031880000000036103,29
1.5,0.005,18,1,0.001,15,1.4,0.0,0.0031880000000036103,29
1.5,0.005,19,1,0.001,15,1.3,0.0015,0.003104000000003703,29
1.5,0.005,19,1,0.001,15,1.3,0.001,0.003104000000003703,29
1.5,0.005,19,1,0.001,15,1.3,0.0005,0.003104000000003703,29
1.5,0.005,19,1,0.001,15,1.3,0.0,0.003104000000003703,29
1.5,0.004,20,1,0.0015,15,1.6,0.0015,0.0030923636363611403,29
1.5,0.004,20,1,0.0015,15,1.6,0.001,0.0030923636363611403,29
1.5,0.004,20,1,0.0015,15,1.6,0.0005,0.0030923636363611403,29
1.5,0.004,20,1,0.0015,15,1.6,0.0,0.0030923636363611403,29
1.5,0.006,20,1,0.002,15,1.6,0.0015,0.0028674545454537657,29
1.5,0.006,20,1,0.002,15,1.6,0.001,0.0028674545454537657,29
1.5,0.006,20,1,0.002,15,1.6,0.0005,0.0028674545454537657,29
1.5,0.006,20,1,0.002,15,1.6,0.0,0.0028674545454537657,29
1.5,0.004,19,1,0.002,15,1.3,0.0015,0.002721454545452541,29
1.5,0.004,19,1,0.002,15,1.3,0.001,0.002721454545452541,29
1.5,0.004,19,1,0.002,15,1.3,0.0005,0.002721454545452541,29
1.5,0.004,19,1,0.002,15,1.3,0.0,0.002721454545452541,29
1.5,0.006,18,1,0.002,15,1.5,0.0015,0.002636545454543112,29
1.5,0.006,18,1,0.002,15,1.5,0.001,0.002636545454543112,29
1.5,0.006,18,1,0.002,15,1.5,0.0005,0.002636545454543112,29
1.5,0.006,18,1,0.002,15,1.5,0.0,0.002636545454543112,29
1.5,0.006,18,1,0.0015,15,1.3,0.0015,0.0025723636363605977,29
1.5,0.006,18,1,0.0015,15,1.3,0.001,0.0025723636363605977,29
1.5,0.006,18,1,0.0015,15,1.3,0.0005,0.0025723636363605977,29
1.5,0.006,18,1,0.0015,15,1.3,0.0,0.0025723636363605977,29
1.5,0.006,20,1,0.0015,15,1.6,0.0015,0.0024923636363609844,29
1.5,0.006,20,1,0.0015,15,1.6,0.001,0.0024923636363609844,29
1.5,0.006,20,1,0.0015,15,1.6,0.0005,0.0024923636363609844,29
1.5,0.006,20,1,0.0015,15,1.6,0.0,0.0024923636363609844,29
1.5,0.004,18,1,0.001,15,1.3,0.0015,0.0024840000000040615,29
1.5,0.004,18,1,0.001,15,1.3,0.001,0.0024840000000040615,29
1.5,0.004,18,1,0.001,15,1.3,0.0005,0.0024840000000040615,29
1.5,0.004,18,1,0.001,15,1.3,0.0,0.0024840000000040615,29
1.5,0.005,20,1,0.0015,15,1.5,0.0015,0.0024363636363628816,29
1.5,0.005,20,1,0.0015,15,1.5,0.001,0.0024363636363628816,29
1.5,0.005,20,1,0.0015,15,1.5,0.0005,0.0024363636363628816,29
1.5,0.005,20,1,0.0015,15,1.5,0.0,0.0024363636363628816,29
1.5,0.005,20,1,0.001,15,1.5,0.0015,0.002324000000003479,29
1.5,0.005,20,1,0.001,15,1.5,0.001,0.002324000000003479,29
1.5,0.005,20,1,0.001,15,1.5,0.0005,0.002324000000003479,29
1.5,0.005,20,1,0.001,15,1.5,0.0,0.002324000000003479,29
1.5,0.004,19,1,0.001,15,1.5,0.0015,0.0022800000000035904,29
1.5,0.004,20,1,0.001,15,1.5,0.0015,0.0022800000000035904,29
1.5,0.004,19,1,0.001,15,1.5,0.001,0.0022800000000035904,29
1.5,0.004,20,1,0.001,15,1.5,0.001,0.0022800000000035904,29
1.5,0.004,19,1,0.001,15,1.5,0.0005,0.0022800000000035904,29
1.5,0.004,20,1,0.001,15,1.5,0.0005,0.0022800000000035904,29
1.5,0.004,19,1,0.001,15,1.5,0.0,0.0022800000000035904,29
1.5,0.004,20,1,0.001,15,1.5,0.0,0.0022800000000035904,29
1.5,0.005,18,1,0.002,15,1.4,0.0015,0.0019814545454529373,29
1.5,0.005,18,1,0.002,15,1.4,0.001,0.0019814545454529373,29
1.5,0.005,18,1,0.002,15,1.4,0.0005,0.0019814545454529373,29
1.5,0.005,18,1,0.002,15,1.4,0.0,0.0019814545454529373,29
1.5,0.006,19,1,0.0015,15,1.3,0.0015,0.00150236363635963,29
1.5,0.006,19,1,0.0015,15,1.3,0.001,0.00150236363635963,29
1.5,0.006,19,1,0.0015,15,1.3,0.0005,0.00150236363635963,29
1.5,0.006,19,1,0.0015,15,1.3,0.0,0.00150236363635963,29
1.5,0.005,18,1,0.001,15,1.3,0.0015,0.0012880000000038195,29
1.5,0.005,18,1,0.001,15,1.3,0.001,0.0012880000000038195,29
1.5,0.005,18,1,0.001,15,1.3,0.0005,0.0012880000000038195,29
1.5,0.005,18,1,0.001,15,1.3,0.0,0.0012880000000038195,29
1.5,0.006,18,1,0.002,15,1.3,0.0015,0.001190545454543585,29
1.5,0.006,18,1,0.002,15,1.3,0.001,0.001190545454543585,29
1.5,0.006,18,1,0.002,15,1.3,0.0005,0.001190545454543585,29
1.5,0.006,18,1,0.002,15,1.3,0.0,0.001190545454543585,29
1.5,0.004,20,1,0.0015,15,1.5,0.0015,0.0011423636363627984,29
1.5,0.004,20,1,0.0015,15,1.5,0.001,0.0011423636363627984,29
1.5,0.004,20,1,0.0015,15,1.5,0.0005,0.0011423636363627984,29
1.5,0.004,20,1,0.0015,15,1.5,0.0,0.0011423636363627984,29
1.5,0.005,18,1,0.002,15,1.5,0.0015,0.0006274545454527733,29
1.5,0.005,18,1,0.002,15,1.5,0.001,0.0006274545454527733,29
1.5,0.005,18,1,0.002,15,1.5,0.0005,0.0006274545454527733,29
1.5,0.005,18,1,0.002,15,1.5,0.0,0.0006274545454527733,29
1.5,0.006,20,1,0.0015,15,1.5,0.0015,0.00039236363636277005,29
1.5,0.006,20,1,0.0015,15,1.5,0.001,0.00039236363636277005,29
1.5,0.006,20,1,0.0015,15,1.5,0.0005,0.00039236363636277005,29
1.5,0.006,20,1,0.0015,15,1.5,0.0,0.00039236363636277005,29
1.5,0.005,20,1,0.0015,15,1.4,0.0015,0.0003363636363615587,29
1.5,0.005,20,1,0.0015,15,1.4,0.001,0.0003363636363615587,29
1.5,0.005,20,1,0.0015,15,1.4,0.0005,0.0003363636363615587,29
1.5,0.005,20,1,0.0015,15,1.4,0.0,0.0003363636363615587,29
1.5,0.004,19,1,0.001,15,1.6,0.0015,0.0002920000000032234,29
1.5,0.004,19,1,0.001,15,1.6,0.001,0.0002920000000032234,29
1.5,0.004,19,1,0.001,15,1.6,0.0005,0.0002920000000032234,29
1.5,0.004,19,1,0.001,15,1.6,0.0,0.0002920000000032234,29
1.5,0.004,18,1,0.001,15,1.5,0.0015,0.0002503636363665034,29
1.5,0.004,18,1,0.001,15,1.5,0.001,0.0002503636363665034,29
1.5,0.004,18,1,0.001,15,1.5,0.0005,0.0002503636363665034,29
1.5,0.004,18,1,0.001,15,1.5,0.0,0.0002503636363665034,29
1.5,0.005,19,1,0.001,15,1.5,0.0015,4.000000003379447e-06,29
1.5,0.005,19,1,0.001,15,1.5,0.001,4.000000003379447e-06,29
1.5,0.005,19,1,0.001,15,1.5,0.0005,4.000000003379447e-06,29
1.5,0.005,19,1,0.001,15,1.5,0.0,4.000000003379447e-06,29
1.5,0.004,18,1,0.001,14,1.6,0.0015,-0.00019999999999598117,33
1.5,0.004,19,1,0.001,14,1.6,0.0015,-0.00019999999999598117,33
1.5,0.004,20,1,0.001,14,1.6,0.0015,-0.00019999999999598117,33
1.5,0.004,18,1,0.001,14,1.6,0.001,-0.00019999999999598117,33
1.5,0.004,19,1,0.001,14,1.6,0.001,-0.00019999999999598117,33
1.5,0.004,20,1,0.001,14,1.6,0.001,-0.00019999999999598117,33
1.5,0.004,18,1,0.001,14,1.6,0.0005,-0.00019999999999598117,33
1.5,0.004,19,1,0.001,14,1.6,0.0005,-0.00019999999999598117,33
1.5,0.004,20,1,0.001,14,1.6,0.0005,-0.00019999999999598117,33
1.5,0.004,18,1,0.001,14,1.6,0.0,-0.00019999999999598117,33
1.5,0.004,19,1,0.001,14,1.6,0.0,-0.00019999999999598117,33
1.5,0.004,20,1,0.001,14,1.6,0.0,-0.00019999999999598117,33
1.5,0.004,18,1,0.002,15,1.4,0.0015,-0.0003885454545470684,29
1.5,0.004,18,1,0.002,15,1.4,0.001,-0.0003885454545470684,29
1.5,0.004,18,1,0.002,15,1.4,0.0005,-0.0003885454545470684,29
1.5,0.004,18,1,0.002,15,1.4,0.0,-0.0003885454545470684,29
1.5,0.005,18,1,0.0015,15,1.6,0.0015,-0.0004736363636384395,29
1.5,0.005,18,1,0.0015,15,1.6,0.001,-0.0004736363636384395,29
1.5,0.005,18,1,0.0015,15,1.6,0.0005,-0.0004736363636384395,29
1.5,0.005,18,1,0.0015,15,1.6,0.0,-0.0004736363636384395,29
1.5,0.004,18,1,0.001,15,1.6,0.0015,-0.0006376363636335407,29
1.5,0.004,18,1,0.001,15,1.6,0.001,-0.0006376363636335407,29
1.5,0.004,18,1,0.001,15,1.6,0.0005,-0.0006376363636335407,29
1.5,0.004,18,1,0.001,15,1.6,0.0,-0.0006376363636335407,29
1.5,0.005,20,1,0.001,15,1.6,0.0015,-0.0006439999999968688,29
1.5,0.005,20,1,0.001,15,1.6,0.001,-0.0006439999999968688,29
1.5,0.005,20,1,0.001,15,1.6,0.0005,-0.0006439999999968688,29
1.5,0.005,20,1,0.001,15,1.6,0.0,-0.0006439999999968688,29
1.5,0.005,20,1,0.002,15,1.6,0.0015,-0.0007016363636368036,29
1.5,0.005,20,1,0.002,15,1.6,0.001,-0.0007016363636368036,29
1.5,0.005,20,1,0.002,15,1.6,0.0005,-0.0007016363636368036,29
1.5,0.005,20,1,0.002,15,1.6,0.0,-0.0007016363636368036,29
1.5,0.005,18,1,0.001,15,1.5,0.0015,-0.0007456363636337598,29
1.5,0.005,18,1,0.001,15,1.5,0.001,-0.0007456363636337598,29
1.5,0.005,18,1,0.001,15,1.5,0.0005,-0.0007456363636337598,29
1.5,0.005,18,1,0.001,15,1.5,0.0,-0.0007456363636337598,29
1.5,0.004,20,1,0.001,15,1.6,0.0015,-0.0007879999999967465,29
1.5,0.004,20,1,0.001,15,1.6,0.001,-0.0007879999999967465,29
1.5,0.004,20,1,0.001,15,1.6,0.0005,-0.0007879999999967465,29
1.5,0.004,20,1,0.001,15,1.6,0.0,-0.0007879999999967465,29
1.5,0.004,20,1,0.0015,15,1.4,0.0015,-0.00080763636363843,29
1.5,0.004,20,1,0.0015,15,1.4,0.001,-0.00080763636363843,29
1.5,0.004,20,1,0.0015,15,1.4,0.0005,-0.00080763636363843,29
1.5,0.004,20,1,0.0015,15,1.4,0.0,-0.00080763636363843,29
1.5,0.005,18,1,0.002,15,1.3,0.0015,-0.0008185454545467542,29
1.5,0.005,18,1,0.002,15,1.3,0.001,-0.0008185454545467542,29
1.5,0.005,18,1,0.002,15,1.3,0.0005,-0.0008185454545467542,29
1.5,0.005,18,1,0.002,15,1.3,0.0,-0.0008185454545467542,29
1.5,0.005,20,1,0.0015,15,1.3,0.0015,-0.0010236363636399993,29
1.5,0.005,20,1,0.0015,15,1.3,0.001,-0.0010236363636399993,29
1.5,0.005,20,1,0.0015,15,1.3,0.0005,-0.0010236363636399993,29
1.5,0.005,20,1,0.0015,15,1.3,0.0,-0.0010236363636399993,29
1.5,0.004,18,1,0.002,15,1.5,0.0015,-0.001038545454547375,29
1.5,0.004,18,1,0.002,15,1.5,0.001,-0.001038545454547375,29
1.5,0.004,18,1,0.002,15,1.5,0.0005,-0.001038545454547375,29
1.5,0.004,18,1,0.002,15,1.5,0.0,-0.001038545454547375,29
1.5,0.005,18,1,0.001,14,1.6,0.0015,-0.001199999999995871,33
1.5,0.005,19,1,0.001,14,1.6,0.0015,-0.001199999999995871,33
1.5,0.005,20,1,0.001,14,1.6,0.0015,-0.001199999999995871,33
1.5,0.006,18,1,0.001,14,1.6,0.0015,-0.001199999999995871,33
1.5,0.006,19,1,0.001,14,1.6,0.0015,-0.001199999999995871,33
1.5,0.006,20,1,0.001,14,1.6,0.0015,-0.001199999999995871,33
1.5,0.005,18,1,0.001,14,1.6,0.001,-0.001199999999995871,33
1.5,0.005,19,1,0.001,14,1.6,0.001,-0.001199999999995871,33
1.5,0.005,20,1,0.001,14,1.6,0.001,-0.001199999999995871,33
1.5,0.006,18,1,0.001,14,1.6,0.001,-0.001199999999995871,33
1.5,0.006,19,1,0.001,14,1.6,0.001,-0.001199999999995871,33
1.5,0.006,20,1,0.001,14,1.6,0.001,-0.001199999999995871,33
1.5,0.005,18,1,0.001,14,1.6,0.0005,-0.001199999999995871,33
1.5,0.005,19,1,0.001,14,1.6,0.0005,-0.001199999999995871,33
1.5,0.005,20,1,0.001,14,1.6,0.0005,-0.001199999999995871,33
1.5,0.006,18,1,0.001,14,1.6,0.0005,-0.001199999999995871,33
1.5,0.006,19,1,0.001,14,1.6,0.0005,-0.001199999999995871,33
1.5,0.006,20,1,0.001,14,1.6,0.0005,-0.001199999999995871,33
1.5,0.005,18,1,0.001,14,1.6,0.0,-0.001199999999995871,33
1.5,0.005,19,1,0.001,14,1.6,0.0,-0.001199999999995871,33
1.5,0.005,20,1,0.001,14,1.6,0.0,-0.001199999999995871,33
1.5,0.006,18,1,0.001,14,1.6,0.0,-0.001199999999995871,33
1.5,0.006,19,1,0.001,14,1.6,0.0,-0.001199999999995871,33
1.5,0.006,20,1,0.001,14,1.6,0.0,-0.001199999999995871,33
1.5,0.006,18,1,0.0015,15,1.6,0.0015,-0.0014776363636383994,29
1.5,0.006,18,1,0.0015,15,1.6,0.001,-0.0014776363636383994,29
1.5,0.006,18,1,0.0015,15,1.6,0.0005,-0.0014776363636383994,29
1.5,0.006,18,1,0.0015,15,1.6,0.0,-0.0014776363636383994,29
1.5,0.005,18,1,0.001,15,1.6,0.0015,-0.001533636363633815,29
1.5,0.005,18,1,0.001,15,1.6,0.001,-0.001533636363633815,29
1.5,0.005,18,1,0.001,15,1.6,0.0005,-0.001533636363633815,29
1.5,0.005,18,1,0.001,15,1.6,0.0,-0.001533636363633815,29
1.5,0.005,19,1,0.001,15,1.6,0.0015,-0.0018839999999969988,29
1.5,0.005,19,1,0.001,15,1.6,0.001,-0.0018839999999969988,29
1.5,0.005,19,1,0.001,15,1.6,0.0005,-0.0018839999999969988,29
1.5,0.005,19,1,0.001,15,1.6,0.0,-0.0018839999999969988,29
1.5,0.004,20,1,0.002,15,1.6,0.0015,-0.0019016363636368936,29
1.5,0.004,20,1,0.002,15,1.6,0.001,-0.0019016363636368936,29
1.5,0.004,20,1,0.002,15,1.6,0.0005,-0.0019016363636368936,29
1.5,0.004,20,1,0.002,15,1.6,0.0,-0.0019016363636368936,29
1.5,0.004,20,1,0.0015,15,1.3,0.0015,-0.0020176363636398953,29
1.5,0.004,20,1,0.0015,15,1.3,0.001,-0.0020176363636398953,29
1.5,0.004,20,1,0.0015,15,1.3,0.0005,-0.0020176363636398953,29
1.5,0.004,20,1,0.0015,15,1.3,0.0,-0.0020176363636398953,29
1.5,0.004,18,1,0.0015,15,1.6,0.0015,-0.0020476363636383814,29
1.5,0.004,18,1,0.0015,15,1.6,0.001,-0.0020476363636383814,29
1.5,0.004,18,1,0.0015,15,1.6,0.0005,-0.0020476363636383814,29
1.5,0.004,18,1,0.0015,15,1.6,0.0,-0.0020476363636383814,29
1.5,0.004,19,1,0.0015,15,1.6,0.0015,-0.00244763636363896,29
1.5,0.004,19,1,0.0015,15,1.6,0.001,-0.00244763636363896,29
1.5,0.004,19,1,0.0015,15,1.6,0.0005,-0.00244763636363896,29
1.5,0.004,19,1,0.0015,15,1.6,0.0,-0.00244763636363896,29
1.5,0.005,18,1,0.0015,15,1.5,0.0015,-0.0025736363636366557,29
1.5,0.005,18,1,0.0015,15,1.5,0.001,-0.0025736363636366557,29
1.5,0.005,18,1,0.0015,15,1.5,0.0005,-0.0025736363636366557,29
1.5,0.005,18,1,0.0015,15,1.5,0.0,-0.0025736363636366557,29
1.5,0.004,18,1,0.002,15,1.3,0.0015,-0.002788545454546804,29
1.5,0.004,18,1,0.002,15,1.3,0.001,-0.002788545454546804,29
1.5,0.004,18,1,0.002,15,1.3,0.0005,-0.002788545454546804,29
1.5,0.004,18,1,0.002,15,1.3,0.0,-0.002788545454546804,29
1.5,0.006,19,1,0.0015,15,1.6,0.0015,-0.003047636363639116,29
1.5,0.006,19,1,0.0015,15,1.6,0.001,-0.003047636363639116,29
1.5,0.006,19,1,0.0015,15,1.6,0.0005,-0.003047636363639116,29
1.5,0.006,19,1,0.0015,15,1.6,0.0,-0.003047636363639116,29
1.5,0.006,19,1,0.002,15,1.6,0.0015,-0.0031634545454552764,29
1.5,0.006,19,1,0.002,15,1.6,0.001,-0.0031634545454552764,29
1.5,0.006,19,1,0.002,15,1.6,0.0005,-0.0031634545454552764,29
1.5,0.006,19,1,0.002,15,1.6,0.0,-0.0031634545454552764,29
1.5,0.005,19,1,0.002,15,1.6,0.0015,-0.003252545454545694,29
1.5,0.005,19,1,0.002,15,1.6,0.001,-0.003252545454545694,29
1.5,0.005,19,1,0.002,15,1.6,0.0005,-0.003252545454545694,29
1.5,0.005,19,1,0.002,15,1.6,0.0,-0.003252545454545694,29
1.5,0.005,19,1,0.0015,15,1.6,0.0015,-0.0033236363636391024,29
1.5,0.005,19,1,0.0015,15,1.6,0.001,-0.0033236363636391024,29
1.5,0.005,19,1,0.0015,15,1.6,0.0005,-0.0033236363636391024,29
1.5,0.005,19,1,0.0015,15,1.6,0.0,-0.0033236363636391024,29
1.5,0.006,18,1,0.0015,15,1.5,0.0015,-0.0035776363636366173,29
1.5,0.006,18,1,0.0015,15,1.5,0.001,-0.0035776363636366173,29
1.5,0.006,18,1,0.0015,15,1.5,0.0005,-0.0035776363636366173,29
1.5,0.006,18,1,0.0015,15,1.5,0.0,-0.0035776363636366173,29
1.5,0.004,18,1,0.0015,15,1.5,0.0015,-0.0038476363636368526,29
1.5,0.004,18,1,0.0015,15,1.5,0.001,-0.0038476363636368526,29
1.5,0.004,18,1,0.0015,15,1.5,0.0005,-0.0038476363636368526,29
1.5,0.004,18,1,0.0015,15,1.5,0.0,-0.0038476363636368526,29
1.5,0.004,19,1,0.0015,15,1.5,0.0015,-0.004397636363637302,29
1.5,0.004,19,1,0.0015,15,1.5,0.001,-0.004397636363637302,29
1.5,0.004,19,1,0.0015,15,1.5,0.0005,-0.004397636363637302,29
1.5,0.004,19,1,0.0015,15,1.5,0.0,-0.004397636363637302,29
1.5,0.004,19,1,0.002,15,1.6,0.0015,-0.004452545454545783,29
1.5,0.004,19,1,0.002,15,1.6,0.001,-0.004452545454545783,29
1.5,0.004,19,1,0.002,15,1.6,0.0005,-0.004452545454545783,29
1.5,0.004,19,1,0.002,15,1.6,0.0,-0.004452545454545783,29
1.5,0.005,18,1,0.0015,15,1.4,0.0015,-0.004673636363637977,29
1.5,0.005,18,1,0.0015,15,1.4,0.001,-0.004673636363637977,29
1.5,0.005,18,1,0.0015,15,1.4,0.0005,-0.004673636363637977,29
1.5,0.005,18,1,0.0015,15,1.4,0.0,-0.004673636363637977,29
1.5,0.006,19,1,0.0015,15,1.5,0.0015,-0.00514763636363733,29
1.5,0.006,19,1,0.0015,15,1.5,0.001,-0.00514763636363733,29
1.5,0.006,19,1,0.0015,15,1.5,0.0005,-0.00514763636363733,29
1.5,0.006,19,1,0.0015,15,1.5,0.0,-0.00514763636363733,29
1.5,0.005,19,1,0.0015,15,1.5,0.0015,-0.005423636363637316,29
1.5,0.005,19,1,0.0015,15,1.5,0.001,-0.005423636363637316,29
1.5,0.005,19,1,0.0015,15,1.5,0.0005,-0.005423636363637316,29
1.5,0.005,19,1,0.0015,15,1.5,0.0,-0.005423636363637316,29
1.5,0.004,18,1,0.0015,15,1.4,0.0015,-0.005647636363637986,29
1.5,0.004,18,1,0.0015,15,1.4,0.001,-0.005647636363637986,29
1.5,0.004,18,1,0.0015,15,1.4,0.0005,-0.005647636363637986,29
1.5,0.004,18,1,0.0015,15,1.4,0.0,-0.005647636363637986,29
1.5,0.004,19,1,0.0015,15,1.4,0.0015,-0.006347636363638528,29
1.5,0.004,19,1,0.0015,15,1.4,0.001,-0.006347636363638528,29
1.5,0.004,19,1,0.0015,15,1.4,0.0005,-0.006347636363638528,29
1.5,0.004,19,1,0.0015,15,1.4,0.0,-0.006347636363638528,29
1.5,0.005,18,1,0.0015,15,1.3,0.0015,-0.0067736363636393,29
1.5,0.005,18,1,0.0015,15,1.3,0.001,-0.0067736363636393,29
1.5,0.005,18,1,0.0015,15,1.3,0.0005,-0.0067736363636393,29
1.5,0.005,18,1,0.0015,15,1.3,0.0,-0.0067736363636393,29
1.5,0.006,18,1,0.002,15,1.6,0.0015,-0.00680745454545539,29
1.5,0.006,18,1,0.002,15,1.6,0.001,-0.00680745454545539,29
1.5,0.006,18,1,0.002,15,1.6,0.0005,-0.00680745454545539,29
1.5,0.006,18,1,0.002,15,1.6,0.0,-0.00680745454545539,29
1.5,0.004,18,1,0.0015,15,1.3,0.0015,-0.00744763636363912,29
1.5,0.004,18,1,0.0015,15,1.3,0.001,-0.00744763636363912,29
1.5,0.004,18,1,0.0015,15,1.3,0.0005,-0.00744763636363912,29
1.5,0.004,18,1,0.0015,15,1.3,0.0,-0.00744763636363912,29
1.5,0.005,19,1,0.0015,15,1.4,0.0015,-0.007523636363638638,29
1.5,0.005,19,1,0.0015,15,1.4,0.001,-0.007523636363638638,29
1.5,0.005,19,1,0.0015,15,1.4,0.0005,-0.007523636363638638,29
1.5,0.005,19,1,0.0015,15,1.4,0.0,-0.007523636363638638,29
1.5,0.004,19,1,0.0015,15,1.3,0.0015,-0.0077976363636400115,29
1.5,0.004,19,1,0.0015,15,1.3,0.001,-0.0077976363636400115,29
1.5,0.004,19,1,0.0015,15,1.3,0.0005,-0.0077976363636400115,29
1.5,0.004,19,1,0.0015,15,1.3,0.0,-0.0077976363636400115,29
1.5,0.005,18,1,0.002,15,1.6,0.0015,-0.008816545454545728,29
1.5,0.005,18,1,0.002,15,1.6,0.001,-0.008816545454545728,29
1.5,0.005,18,1,0.002,15,1.6,0.0005,-0.008816545454545728,29
1.5,0.005,18,1,0.002,15,1.6,0.0,-0.008816545454545728,29
1.5,0.005,19,1,0.0015,15,1.3,0.0015,-0.009123636363640218,29
1.5,0.005,19,1,0.0015,15,1.3,0.001,-0.009123636363640218,29
1.5,0.005,19,1,0.0015,15,1.3,0.0005,-0.009123636363640218,29
1.5,0.005,19,1,0.0015,15,1.3,0.0,-0.009123636363640218,29
1.5,0.004,18,1,0.002,15,1.6,0.0015,-0.010482545454545874,29
1.5,0.004,18,1,0.002,15,1.6,0.001,-0.010482545454545874,29
1.5,0.004,18,1,0.002,15,1.6,0.0005,-0.010482545454545874,29
1.5,0.004,18,1,0.002,15,1.6,0.0,-0.010482545454545874,29
